phs,batch_group
phs000280,6
phs000280,7
phs000280,12
phs000280,13
phs000280,18
phs000280,25
phs000280,26
phs000287,1
phs000287,6
phs000287,7
phs000287,8
phs000287,9
phs000287,10
phs000287,11
phs000287,12
phs000287,13
phs000287,14
phs000287,15
phs000287,16
phs000287,17
phs000287,18
phs000287,19
phs000287,20
phs000287,21
phs000287,22
phs000287,23
phs000287,24
phs000287,25
phs000287,26
phs000285,0
phs000285,1
phs000285,2
phs000285,3
phs000285,4
phs000285,5
phs000285,6
phs000285,7
phs000285,8
phs000285,9
phs000285,10
phs000285,11
phs000285,12
phs000285,13
phs000007,0
phs000007,1
phs000007,2
phs000007,3
phs000007,4
phs000007,5
phs000007,6
phs000007,7
phs000007,8
phs000007,9
phs000007,10
phs000007,11
phs000007,12
phs000007,13
phs000007,14
phs000007,15
phs000007,16
phs000007,17
phs000007,18
phs000007,19
phs000007,20
phs000007,21
phs000007,22
phs000007,23
phs000007,24
phs000007,25
phs000007,26
phs000007,27
phs000007,28
phs000007,29
phs000007,30
phs000007,31
phs000007,32
phs000007,33
phs000007,34
phs000007,35
phs000007,36
phs000007,37
phs000007,38
phs000007,39
phs000007,40
phs000007,41
phs000007,42
phs000007,43
phs000007,44
phs000007,45
phs000007,46
phs000007,47
phs000007,48
phs000007,49
phs000007,50
phs000007,51
phs000007,52
phs000007,53
phs000007,54
phs000007,55
phs000007,56
phs000007,57
phs000007,58
phs000007,59
phs000007,60
phs000007,61
phs000007,62
phs000007,63
phs000007,64
phs000007,65
phs000007,66
phs000007,67
phs000007,68
phs000007,69
phs000007,70
phs000007,71
phs000007,72
phs000007,73
phs000007,74
phs000007,75
phs000007,76
phs000007,77
phs000007,78
phs000007,79
phs000007,80
phs000007,81
phs000007,82
phs000007,83
phs000007,84
phs000007,85
phs000007,86
phs000007,87
phs000007,88
phs000007,89
phs000007,90
phs000007,91
phs000007,92
phs000007,93
phs000007,94
phs000007,95
phs000007,96
phs000007,97
phs000007,98
phs000007,99
phs000007,100
phs000007,101
phs000007,102
phs000007,103
phs000007,104
phs000007,105
phs000007,106
phs000007,107
phs000007,108
phs000007,109
phs000007,110
phs000007,111
phs000007,112
phs000007,113
phs000007,114
phs000007,115
phs000007,116
phs000007,117
phs000007,118
phs000007,119
phs000007,120
phs000007,121
phs000007,122
phs000007,123
phs000007,124
phs000007,125
phs000007,126
phs000007,127
phs000007,128
phs000007,129
phs001238,0
phs001238,1
phs000179,0
phs000914,0
phs001013,0
phs000810,0
phs000286,0
phs000286,1
phs000286,2
phs000286,3
phs000286,4
phs000286,5
phs000286,6
phs000286,7
phs000209,0
phs000209,1
phs000209,2
phs000209,3
phs000209,4
phs000209,5
phs000209,6
phs000209,7
phs000209,8
phs000209,9
phs000209,10
phs000209,11
phs000209,12
phs000209,13
phs000209,14
phs000209,15
phs000209,16
phs000209,17
phs000209,18
phs000209,19
phs000209,20
phs000209,21
phs000209,22
phs000209,23
phs000209,24
phs000209,25
phs000209,26
phs000209,27
phs000209,28
phs000209,29
phs000209,30
phs000209,31
phs000209,32
phs000209,33
phs000209,34
phs000209,35
phs000284,0
phs000284,1
phs000284,2
phs000284,3
phs000284,4
phs000956,0
phs000988,0
phs000200,0
phs000200,1
phs000200,2
phs000200,3
phs000200,4
phs000200,5
phs000200,6
phs000200,7
phs000200,8
phs000200,9
phs000200,10
